Date,Campaign,Impressions,Clicks,Cost,Conversions,Revenue
2024-01-01,Facebook Ads,16795,1924,2164.1,188,5989.35
2024-01-01,Google Search,7265,197,35.72,23,460.39
2024-01-01,Instagram Ads,17023,1389,248.6,191,9483.06
2024-01-01,YouTube Video,18568,807,673.57,88,1593.27
2024-01-01,LinkedIn Ads,26658,1439,237.91,187,4017.93
2024-01-02,Facebook Ads,1189,23,22.21,3,84.42
2024-01-02,Google Search,32551,1996,2602.62,134,1698.26
2024-01-02,Instagram Ads,15502,177,251.18,13,537.91
2024-01-02,YouTube Video,12016,141,59.68,27,669.79
2024-01-02,LinkedIn Ads,49555,3194,473.17,205,4632.53
2024-01-03,Facebook Ads,2585,214,114.79,5,71.79
2024-01-03,Google Search,41757,561,717.63,43,2032.93
2024-01-03,Instagram Ads,27557,3084,3448.47,270,2425.18
2024-01-03,YouTube Video,26851,402,223.3,79,3051.72
2024-01-03,LinkedIn Ads,18262,1847,1107.19,251,8111.45
2024-01-04,Facebook Ads,40976,1745,578.25,344,16997.01
2024-01-04,Google Search,3027,127,15.2,18,662.55
2024-01-04,Instagram Ads,14986,1452,1377.0,230,7888.65
2024-01-04,YouTube Video,23662,2449,1785.89,32,251.52
2024-01-04,LinkedIn Ads,36222,3027,3124.75,546,14332.32
2024-01-05,Facebook Ads,48716,5694,7336.6,1028,31104.68
2024-01-05,Google Search,7910,301,47.14,14,339.35
2024-01-05,Instagram Ads,24419,533,76.75,102,2691.95
2024-01-05,YouTube Video,46151,3992,1177.9,230,5397.46
2024-01-05,LinkedIn Ads,34827,3960,3716.11,242,2965.7
2024-01-06,Facebook Ads,44585,3507,1802.2,645,16475.92
2024-01-06,Google Search,47699,1455,1963.64,127,5249.52
2024-01-06,Instagram Ads,16707,821,1124.41,128,1952.91
2024-01-06,YouTube Video,7776,777,1014.0,102,1265.77
2024-01-06,LinkedIn Ads,6530,365,150.0,50,856.18
2024-01-07,Facebook Ads,1663,189,104.42,31,933.55
2024-01-07,Google Search,47576,1804,803.91,294,8048.6
2024-01-07,Instagram Ads,24664,648,969.95,112,5482.14
2024-01-07,YouTube Video,48323,756,370.52,128,2019.88
2024-01-07,LinkedIn Ads,22556,1439,2129.59,246,8670.54
2024-01-08,Facebook Ads,33970,1720,755.12,293,6314.22
2024-01-08,Google Search,41545,3310,2813.78,143,6090.17
2024-01-08,Instagram Ads,43107,2840,3050.55,402,14874.7
2024-01-08,YouTube Video,31206,1089,1092.53,51,2413.5
2024-01-08,LinkedIn Ads,19343,1016,1434.0,128,4531.98
2024-01-09,Facebook Ads,9120,205,285.89,29,1053.0
2024-01-09,Google Search,17646,1457,1812.67,59,987.5
2024-01-09,Instagram Ads,32616,660,895.03,36,1609.87
2024-01-09,YouTube Video,8158,385,226.72,47,2025.69
2024-01-09,LinkedIn Ads,5499,591,704.37,23,995.71
2024-01-10,Facebook Ads,33711,3249,3367.86,253,1369.71
2024-01-10,Google Search,3557,403,589.64,17,208.02
2024-01-10,Instagram Ads,12969,1116,1130.22,168,2169.99
2024-01-10,YouTube Video,39467,1424,791.12,134,5017.27
2024-01-10,LinkedIn Ads,5735,415,95.93,21,335.57
2024-01-11,Facebook Ads,15373,1809,1413.62,263,8784.53
2024-01-11,Google Search,49404,3225,2927.22,480,6617.25
2024-01-11,Instagram Ads,41764,2710,2441.18,191,6502.83
2024-01-11,YouTube Video,9208,1099,832.96,45,2077.6
2024-01-11,LinkedIn Ads,48202,4446,6376.9,348,8445.36
2024-01-12,Facebook Ads,46236,3373,4966.62,115,2098.77
2024-01-12,Google Search,36743,3807,2069.83,127,2764.91
2024-01-12,Instagram Ads,33745,3812,4095.77,685,6420.47
2024-01-12,YouTube Video,8455,708,426.29,126,3568.93
2024-01-12,LinkedIn Ads,35177,1599,2059.73,298,10996.5
2024-01-13,Facebook Ads,40974,1732,2135.74,305,13425.57
2024-01-13,Google Search,9716,184,19.74,35,1432.31
2024-01-13,Instagram Ads,3368,59,38.67,11,493.88
2024-01-13,YouTube Video,14403,1061,757.41,190,1257.31
2024-01-13,LinkedIn Ads,29312,793,1169.34,149,4706.54
2024-01-14,Facebook Ads,32024,451,564.49,53,1545.94
2024-01-14,Google Search,28236,1904,2242.89,107,3534.22
2024-01-14,Instagram Ads,22699,2329,866.7,349,10235.67
2024-01-14,YouTube Video,40734,1027,293.56,113,3190.39
2024-01-14,LinkedIn Ads,19077,276,181.7,18,445.57
2024-01-15,Facebook Ads,48030,1805,646.31,317,13510.26
2024-01-15,Google Search,24944,2138,387.99,121,1456.8
2024-01-15,Instagram Ads,47175,3321,3654.54,487,22917.07
2024-01-15,YouTube Video,46952,5401,6119.63,580,18865.91
2024-01-15,LinkedIn Ads,9130,340,203.44,56,1141.54
2024-01-16,Facebook Ads,10435,157,24.65,13,638.01
2024-01-16,Google Search,30124,1872,443.6,340,8944.12
2024-01-16,Instagram Ads,38220,2057,1979.23,324,14547.8
2024-01-16,YouTube Video,41158,480,675.27,95,4136.49
2024-01-16,LinkedIn Ads,10540,898,864.05,79,2678.8
2024-01-17,Facebook Ads,30168,3179,3150.28,379,4086.57
2024-01-17,Google Search,6052,423,599.84,66,2766.67
2024-01-17,Instagram Ads,47247,5177,1936.75,396,5803.98
2024-01-17,YouTube Video,4373,52,12.08,2,40.29
2024-01-17,LinkedIn Ads,29761,1341,1720.27,89,1809.2
2024-01-18,Facebook Ads,42576,2748,2940.49,492,23197.39
2024-01-18,Google Search,8543,776,950.5,137,3295.7
2024-01-18,Instagram Ads,36735,3627,5392.29,547,11892.23
2024-01-18,YouTube Video,35911,1705,2392.22,36,566.53
2024-01-18,LinkedIn Ads,21150,1958,2264.15,360,7919.21
2024-01-19,Facebook Ads,45912,3010,3783.69,341,6272.21
2024-01-19,Google Search,40954,2162,249.0,232,10004.17
2024-01-19,Instagram Ads,5360,241,344.65,18,489.35
2024-01-19,YouTube Video,9335,553,282.3,24,718.0
2024-01-19,LinkedIn Ads,22972,2130,2573.49,56,565.93
2024-01-20,Facebook Ads,25244,1625,293.45,222,1668.15
2024-01-20,Google Search,24714,2660,1572.81,8,314.14
2024-01-20,Instagram Ads,36307,3825,4872.56,173,6322.04
2024-01-20,YouTube Video,40081,2149,2898.26,193,1671.51
2024-01-20,LinkedIn Ads,27962,2067,2704.45,341,14177.41
2024-01-21,Facebook Ads,41262,4887,5643.16,69,2543.9
2024-01-21,Google Search,35578,3397,2995.36,90,1457.33
2024-01-21,Instagram Ads,29178,648,511.71,125,941.71
2024-01-21,YouTube Video,14116,1418,1619.21,189,4348.9
2024-01-21,LinkedIn Ads,35299,1462,1924.05,116,5608.02
2024-01-22,Facebook Ads,37395,4396,3861.48,814,36712.57
2024-01-22,Google Search,28509,3184,4415.45,226,8202.33
2024-01-22,Instagram Ads,45472,3071,3013.14,525,9582.42
2024-01-22,YouTube Video,43356,3757,2396.52,470,3311.19
2024-01-22,LinkedIn Ads,14323,1653,299.21,155,3116.23
2024-01-23,Facebook Ads,10337,317,237.49,57,873.4
2024-01-23,Google Search,34307,636,931.2,63,1599.94
2024-01-23,Instagram Ads,41080,1674,1131.1,219,3765.29
2024-01-23,YouTube Video,28532,3144,3934.88,593,14083.01
2024-01-23,LinkedIn Ads,5804,449,307.81,55,2444.74
2024-01-24,Facebook Ads,30548,859,580.48,117,4852.56
2024-01-24,Google Search,9415,1114,698.96,25,553.5
2024-01-24,Instagram Ads,21309,2156,1933.32,416,10853.94
2024-01-24,YouTube Video,41034,1014,120.81,54,2371.28
2024-01-24,LinkedIn Ads,19384,1333,1532.78,258,7738.56
2024-01-25,Facebook Ads,24524,2204,2556.45,82,1322.71
2024-01-25,Google Search,39765,1497,725.48,259,3959.83
2024-01-25,Instagram Ads,38744,3613,598.51,94,950.35
2024-01-25,YouTube Video,15489,1003,769.0,2,56.81
2024-01-25,LinkedIn Ads,38131,3805,5536.9,733,29783.11
2024-01-26,Facebook Ads,23928,592,83.06,78,3144.19
2024-01-26,Google Search,13173,1151,458.27,165,5408.18
2024-01-26,Instagram Ads,40649,1974,1827.7,285,8540.51
2024-01-26,YouTube Video,11209,541,443.4,87,3999.5
2024-01-26,LinkedIn Ads,5637,442,577.83,4,163.36
2024-01-27,Facebook Ads,20856,1337,617.08,68,3338.9
2024-01-27,Google Search,15388,741,291.05,42,663.88
2024-01-27,Instagram Ads,7254,175,48.87,30,690.41
2024-01-27,YouTube Video,23415,1884,668.13,183,4305.03
2024-01-27,LinkedIn Ads,19271,1197,1238.39,177,5679.42
2024-01-28,Facebook Ads,12314,178,59.9,27,557.36
2024-01-28,Google Search,24061,475,127.72,11,157.14
2024-01-28,Instagram Ads,43928,2871,3062.07,72,659.02
2024-01-28,YouTube Video,23574,1863,399.54,349,4210.33
2024-01-28,LinkedIn Ads,5432,219,269.08,34,452.32
2024-01-29,Facebook Ads,1302,66,51.37,9,352.78
2024-01-29,Google Search,3125,190,217.83,13,151.43
2024-01-29,Instagram Ads,6126,524,671.88,17,427.27
2024-01-29,YouTube Video,40650,2182,538.55,118,2593.38
2024-01-29,LinkedIn Ads,26289,1893,2417.35,85,1677.68
2024-01-30,Facebook Ads,48915,1744,1011.69,24,853.43
2024-01-30,Google Search,9258,753,580.88,110,4197.27
2024-01-30,Instagram Ads,13910,1279,900.83,82,1807.67
2024-01-30,YouTube Video,20123,1630,1465.52,314,15509.46
2024-01-30,LinkedIn Ads,4812,542,59.92,20,237.57
2024-01-31,Facebook Ads,6622,421,543.57,61,1087.59
2024-01-31,Google Search,14918,240,307.02,2,57.21
2024-01-31,Instagram Ads,5324,628,161.3,65,2009.8
2024-01-31,YouTube Video,29746,3129,3892.17,605,7677.41
2024-01-31,LinkedIn Ads,14234,1427,1578.03,202,6205.96
2024-02-01,Facebook Ads,47514,4858,1880.57,409,8002.32
2024-02-01,Google Search,27386,874,988.27,139,1413.3
2024-02-01,Instagram Ads,40001,3778,839.5,138,6477.81
2024-02-01,YouTube Video,40756,2795,482.29,9,267.18
2024-02-01,LinkedIn Ads,10865,1291,711.72,129,1155.07
2024-02-02,Facebook Ads,2342,198,230.54,10,262.92
2024-02-02,Google Search,33293,1841,1083.27,304,13157.95
2024-02-02,Instagram Ads,13219,1535,420.61,136,1934.61
2024-02-02,YouTube Video,9162,158,179.74,21,150.45
2024-02-02,LinkedIn Ads,22852,579,702.54,13,532.73
2024-02-03,Facebook Ads,22204,677,291.09,77,2197.42
2024-02-03,Google Search,21611,967,893.15,145,6053.31
2024-02-03,Instagram Ads,10510,930,1264.37,124,2301.69
2024-02-03,YouTube Video,22526,1312,1191.93,144,6549.24
2024-02-03,LinkedIn Ads,46558,3189,616.33,103,3408.34
2024-02-04,Facebook Ads,2970,170,96.21,7,253.52
2024-02-04,Google Search,16374,1746,1385.61,230,7082.11
2024-02-04,Instagram Ads,11789,1093,1191.12,154,5925.55
2024-02-04,YouTube Video,39141,1272,1398.81,4,177.82
2024-02-04,LinkedIn Ads,44872,956,813.63,46,1982.16
2024-02-05,Facebook Ads,7359,562,451.4,7,82.22
2024-02-05,Google Search,15382,845,997.64,154,5213.15
2024-02-05,Instagram Ads,40666,2936,3237.38,282,5796.88
2024-02-05,YouTube Video,13298,1535,889.58,133,3064.1
2024-02-05,LinkedIn Ads,1814,75,72.07,9,282.42
2024-02-06,Facebook Ads,45241,3495,438.11,682,32016.71
2024-02-06,Google Search,38219,4244,5118.77,804,29607.89
2024-02-06,Instagram Ads,28632,2101,1994.69,50,1907.0
2024-02-06,YouTube Video,45327,4643,6383.94,768,7753.51
2024-02-06,LinkedIn Ads,37244,1050,378.89,56,1117.01
2024-02-07,Facebook Ads,38430,1345,1279.17,136,1938.15
2024-02-07,Google Search,40224,422,239.23,62,1466.47
2024-02-07,Instagram Ads,35393,3935,2301.52,209,5567.27
2024-02-07,YouTube Video,37368,2786,406.72,178,2878.29
2024-02-07,LinkedIn Ads,46080,2986,2049.88,160,3409.24
2024-02-08,Facebook Ads,29734,1205,491.8,113,3939.09
2024-02-08,Google Search,5944,687,211.68,117,5116.23
2024-02-08,Instagram Ads,22566,2700,2168.3,140,3203.1
2024-02-08,YouTube Video,3482,115,156.09,16,106.32
2024-02-08,LinkedIn Ads,25861,2638,2433.38,370,9397.26
2024-02-09,Facebook Ads,29865,2054,1588.82,221,6670.62
2024-02-09,Google Search,13342,1521,947.02,161,3766.28
2024-02-09,Instagram Ads,48190,5671,7234.52,1031,6412.12
2024-02-09,YouTube Video,11998,455,170.42,71,687.63
2024-02-09,LinkedIn Ads,20694,1503,2017.69,91,1430.36
2024-02-10,Facebook Ads,8970,329,365.58,45,1906.2
2024-02-10,Google Search,42124,1074,718.45,54,2448.1
2024-02-10,Instagram Ads,7150,569,643.12,84,520.29
2024-02-10,YouTube Video,37220,3960,3960.38,81,3658.79
2024-02-10,LinkedIn Ads,24236,1153,534.06,129,2752.56
2024-02-11,Facebook Ads,12382,488,475.22,37,1473.43
2024-02-11,Google Search,46960,2722,1394.35,499,24378.46
2024-02-11,Instagram Ads,18771,477,627.66,58,2624.78
2024-02-11,YouTube Video,21607,648,504.59,13,498.89
2024-02-11,LinkedIn Ads,37801,3012,1388.66,277,11792.41
2024-02-12,Facebook Ads,42401,4624,4937.09,804,4685.37
2024-02-12,Google Search,32889,2245,2786.22,40,693.3
2024-02-12,Instagram Ads,40952,2235,1780.07,75,1071.67
2024-02-12,YouTube Video,41809,1062,498.25,30,1329.75
2024-02-12,LinkedIn Ads,5263,197,194.31,6,184.79
2024-02-13,Facebook Ads,12664,710,451.84,121,2902.99
2024-02-13,Google Search,21609,611,692.41,50,453.26
2024-02-13,Instagram Ads,22874,846,545.68,39,962.27
2024-02-13,YouTube Video,7819,696,359.12,53,1400.38
2024-02-13,LinkedIn Ads,24150,2776,802.27,311,4563.09
2024-02-14,Facebook Ads,41483,2878,940.59,243,1777.34
2024-02-14,Google Search,25058,1895,1076.25,153,4030.12
2024-02-14,Instagram Ads,35888,655,733.25,60,2158.69
2024-02-14,YouTube Video,46080,1709,2130.68,228,1164.0
2024-02-14,LinkedIn Ads,10650,425,393.69,18,344.82
2024-02-15,Facebook Ads,5090,589,710.35,56,1403.93
2024-02-15,Google Search,21491,1495,1976.58,263,8876.97
2024-02-15,Instagram Ads,12344,1017,1087.36,197,9677.81
2024-02-15,YouTube Video,12918,1114,191.87,25,169.36
2024-02-15,LinkedIn Ads,38641,2886,4326.39,85,3926.74
2024-02-16,Facebook Ads,45813,1065,1196.46,114,5312.15
2024-02-16,Google Search,18905,1066,1293.57,115,4945.54
2024-02-16,Instagram Ads,38265,2581,2587.1,158,3383.0
2024-02-16,YouTube Video,36435,847,175.95,36,1039.03
2024-02-16,LinkedIn Ads,32705,2934,561.86,526,21660.14
2024-02-17,Facebook Ads,45547,4417,2412.8,721,20481.85
2024-02-17,Google Search,14737,1568,1073.31,226,9978.91
2024-02-17,Instagram Ads,38114,4048,3402.39,415,19491.12
2024-02-17,YouTube Video,31586,3783,2235.74,476,3185.32
2024-02-17,LinkedIn Ads,13984,1033,496.21,120,4748.68
2024-02-18,Facebook Ads,25574,1441,1632.1,176,1754.95
2024-02-18,Google Search,34933,1490,1927.99,145,2249.29
2024-02-18,Instagram Ads,41600,1684,2314.62,72,714.68
2024-02-18,YouTube Video,24895,589,847.56,36,1453.88
2024-02-18,LinkedIn Ads,42898,3206,4729.69,318,15109.12
2024-02-19,Facebook Ads,41970,4591,6816.99,710,35217.84
2024-02-19,Google Search,49988,4072,3871.79,492,5124.3
2024-02-19,Instagram Ads,41042,1207,493.28,240,11538.52
2024-02-19,YouTube Video,15199,737,133.38,46,677.79
2024-02-19,LinkedIn Ads,47600,5333,7961.48,418,16352.47
2024-02-20,Facebook Ads,27685,3311,4491.08,119,4599.85
2024-02-20,Google Search,38443,2837,647.07,322,5565.18
2024-02-20,Instagram Ads,33284,3586,5156.35,331,2182.62
2024-02-20,YouTube Video,47542,3902,3399.42,225,5260.59
2024-02-20,LinkedIn Ads,34742,366,393.08,47,1283.78
2024-02-21,Facebook Ads,30125,3489,883.61,592,4598.81
2024-02-21,Google Search,10516,661,614.31,66,1362.99
2024-02-21,Instagram Ads,31561,2203,2886.57,288,12827.04
2024-02-21,YouTube Video,8314,877,388.86,58,2553.64
2024-02-21,LinkedIn Ads,19088,892,387.28,169,1649.87
2024-02-22,Facebook Ads,4738,439,141.38,44,1946.25
2024-02-22,Google Search,48638,513,640.19,52,1999.81
2024-02-22,Instagram Ads,37766,382,335.65,76,2115.54
2024-02-22,YouTube Video,34062,1064,231.67,154,7569.62
2024-02-22,LinkedIn Ads,35832,814,510.68,87,3640.13
2024-02-23,Facebook Ads,2007,43,50.11,8,386.68
2024-02-23,Google Search,2435,193,271.13,28,1133.9
2024-02-23,Instagram Ads,8059,690,134.53,16,635.11
2024-02-23,YouTube Video,9073,563,101.95,81,3581.75
2024-02-23,LinkedIn Ads,38567,3253,2356.28,226,7175.01
2024-02-24,Facebook Ads,28083,356,46.63,5,108.66
2024-02-24,Google Search,28570,1079,109.46,173,4512.58
2024-02-24,Instagram Ads,15288,324,419.87,14,570.73
2024-02-24,YouTube Video,11396,487,621.38,46,1638.63
2024-02-24,LinkedIn Ads,4093,100,131.53,11,70.49
2024-02-25,Facebook Ads,34756,3955,2719.53,83,1900.02
2024-02-25,Google Search,33196,3925,2641.79,526,20283.96
2024-02-25,Instagram Ads,49290,661,669.15,11,333.56
2024-02-25,YouTube Video,24019,1490,2168.65,144,1310.75
2024-02-25,LinkedIn Ads,9711,920,1180.08,130,5311.27
2024-02-26,Facebook Ads,39827,540,750.16,2,26.69
2024-02-26,Google Search,1526,96,25.37,16,517.26
2024-02-26,Instagram Ads,35531,2537,1054.77,443,3495.01
2024-02-26,YouTube Video,6109,280,259.38,7,132.76
2024-02-26,LinkedIn Ads,21172,560,420.25,93,2107.59
2024-02-27,Facebook Ads,18773,2200,2443.41,10,362.74
2024-02-27,Google Search,21581,2370,2640.18,178,1730.49
2024-02-27,Instagram Ads,44408,946,850.71,79,2109.78
2024-02-27,YouTube Video,31811,2776,2452.62,241,4745.47
2024-02-27,LinkedIn Ads,7368,144,85.09,0,0.0
2024-02-28,Facebook Ads,44201,5194,1979.97,121,4964.19
2024-02-28,Google Search,4041,58,60.24,7,235.48
2024-02-28,Instagram Ads,39850,4327,4035.74,72,528.39
2024-02-28,YouTube Video,27015,1158,1631.95,71,2636.51
2024-02-28,LinkedIn Ads,4389,422,403.92,6,208.42
2024-02-29,Facebook Ads,33975,2386,2968.7,409,10896.04
2024-02-29,Google Search,22288,624,445.57,81,624.98
2024-02-29,Instagram Ads,11326,923,711.62,121,2396.5
2024-02-29,YouTube Video,5780,173,208.56,31,849.98
2024-02-29,LinkedIn Ads,21049,258,261.76,36,1794.06
2024-03-01,Facebook Ads,3920,251,53.75,50,1780.51
2024-03-01,Google Search,40004,2241,862.81,390,10069.03
2024-03-01,Instagram Ads,8005,926,631.78,23,555.39
2024-03-01,YouTube Video,13803,1254,1473.22,187,1272.52
2024-03-01,LinkedIn Ads,16282,1199,856.16,116,2644.59
2024-03-02,Facebook Ads,13003,1379,1876.8,261,8998.08
2024-03-02,Google Search,30426,2286,3148.53,267,5946.92
2024-03-02,Instagram Ads,34297,2725,3069.33,519,12061.02
2024-03-02,YouTube Video,13765,409,176.92,77,2161.21
2024-03-02,LinkedIn Ads,27916,2902,2290.23,317,2974.32
2024-03-03,Facebook Ads,30052,1772,1454.36,83,2629.67
2024-03-03,Google Search,46893,3832,2057.81,27,448.63
2024-03-03,Instagram Ads,44006,3288,3084.8,300,4699.88
2024-03-03,YouTube Video,40198,1445,293.18,269,5350.42
2024-03-03,LinkedIn Ads,6724,316,398.3,0,0.0
2024-03-04,Facebook Ads,39663,3089,3365.43,575,12170.61
2024-03-04,Google Search,43267,607,686.49,100,2900.8
2024-03-04,Instagram Ads,27928,2872,3526.64,155,6802.91
2024-03-04,YouTube Video,19309,630,161.71,113,5582.33
2024-03-04,LinkedIn Ads,1968,134,189.11,0,0.0
2024-03-05,Facebook Ads,21677,645,144.47,11,128.43
2024-03-05,Google Search,36057,4188,447.76,216,7292.25
2024-03-05,Instagram Ads,16398,984,808.69,177,3614.24
2024-03-05,YouTube Video,14605,370,52.53,44,504.21
2024-03-05,LinkedIn Ads,2969,95,99.07,17,229.09
2024-03-06,Facebook Ads,42974,3609,2602.99,516,24948.91
2024-03-06,Google Search,49320,5040,7169.2,969,5608.78
2024-03-06,Instagram Ads,29625,2309,3039.72,231,9143.76
2024-03-06,YouTube Video,43823,4273,5923.01,0,0.0
2024-03-06,LinkedIn Ads,48055,4851,5014.77,360,3526.81
2024-03-07,Facebook Ads,37059,1019,964.93,62,3036.32
2024-03-07,Google Search,8848,1055,1216.84,76,1367.3
2024-03-07,Instagram Ads,40882,4359,2902.21,493,23001.1
2024-03-07,YouTube Video,5114,505,589.44,22,541.23
2024-03-07,LinkedIn Ads,39218,2012,1037.42,88,1740.39
2024-03-08,Facebook Ads,24616,1238,810.45,148,3273.6
2024-03-08,Google Search,32324,1918,829.65,290,4415.87
2024-03-08,Instagram Ads,45298,3459,3581.79,2,58.81
2024-03-08,YouTube Video,7471,501,386.2,92,1872.77
2024-03-08,LinkedIn Ads,33779,891,746.01,43,1137.41
2024-03-09,Facebook Ads,9234,869,1075.98,107,5135.85
2024-03-09,Google Search,25596,807,89.24,46,377.55
2024-03-09,Instagram Ads,40310,1482,2071.61,270,3745.42
2024-03-09,YouTube Video,38650,817,637.44,116,2067.04
2024-03-09,LinkedIn Ads,37378,4195,3545.46,647,12298.72
2024-03-10,Facebook Ads,43641,2356,3457.23,89,933.15
2024-03-10,Google Search,35054,2976,1053.54,158,5831.32
2024-03-10,Instagram Ads,19743,1920,689.89,35,843.63
2024-03-10,YouTube Video,13149,1297,1128.8,172,5760.59
2024-03-10,LinkedIn Ads,12130,124,123.15,20,895.79
2024-03-11,Facebook Ads,29552,2875,2890.09,377,8005.51
2024-03-11,Google Search,32401,3531,2100.2,153,2525.12
2024-03-11,Instagram Ads,46105,4173,5390.03,166,5816.6
2024-03-11,YouTube Video,1145,108,33.44,17,202.03
2024-03-11,LinkedIn Ads,27160,2473,3234.48,118,3432.75
2024-03-12,Facebook Ads,42621,537,536.33,91,1299.33
2024-03-12,Google Search,27122,963,623.32,184,5033.23
2024-03-12,Instagram Ads,34537,1388,1298.98,145,3363.18
2024-03-12,YouTube Video,33117,1955,2178.5,279,3006.99
2024-03-12,LinkedIn Ads,39467,3539,3219.58,166,6601.49
2024-03-13,Facebook Ads,13323,258,348.78,2,46.11
2024-03-13,Google Search,11106,530,510.93,12,340.29
2024-03-13,Instagram Ads,4713,394,77.97,31,908.32
2024-03-13,YouTube Video,35503,2896,2450.42,380,9712.28
2024-03-13,LinkedIn Ads,9533,797,1188.96,1,21.33
2024-03-14,Facebook Ads,10686,653,120.28,43,386.76
2024-03-14,Google Search,48556,1421,1514.8,207,4849.29
2024-03-14,Instagram Ads,24197,1440,1668.43,144,2669.53
2024-03-14,YouTube Video,21103,2057,2875.79,236,2452.58
2024-03-14,LinkedIn Ads,49231,600,679.23,119,3486.47
2024-03-15,Facebook Ads,33376,2799,644.05,405,3649.29
2024-03-15,Google Search,27342,2874,2735.71,459,18447.79
2024-03-15,Instagram Ads,20169,341,90.27,22,370.48
2024-03-15,YouTube Video,19792,388,547.76,72,2011.51
2024-03-15,LinkedIn Ads,39067,1592,2259.59,310,3806.61
2024-03-16,Facebook Ads,25981,1680,2501.56,100,2259.69
2024-03-16,Google Search,37875,4255,1118.69,593,19721.85
2024-03-16,Instagram Ads,12421,1323,1740.11,133,1510.55
2024-03-16,YouTube Video,32750,1425,303.93,162,2074.99
2024-03-16,LinkedIn Ads,21609,747,1075.87,9,378.1
2024-03-17,Facebook Ads,9984,626,337.55,94,2530.27
2024-03-17,Google Search,26709,2906,3664.66,435,12012.73
2024-03-17,Instagram Ads,24429,637,391.47,7,185.64
2024-03-17,YouTube Video,18347,456,660.45,59,2357.2
2024-03-17,LinkedIn Ads,46183,2658,1426.13,531,13157.13
2024-03-18,Facebook Ads,36262,2918,1174.36,253,8125.07
2024-03-18,Google Search,28286,755,140.35,9,130.76
2024-03-18,Instagram Ads,37618,3497,3382.64,462,22760.68
2024-03-18,YouTube Video,45936,1178,317.99,189,3202.12
2024-03-18,LinkedIn Ads,7406,637,119.25,3,100.48
2024-03-19,Facebook Ads,24312,865,353.89,51,1759.89
2024-03-19,Google Search,38285,2177,616.08,115,2669.83
2024-03-19,Instagram Ads,34535,1084,666.51,91,2427.29
2024-03-19,YouTube Video,32174,2918,3434.56,509,8238.73
2024-03-19,LinkedIn Ads,25282,1416,1708.37,148,5803.53
2024-03-20,Facebook Ads,41761,1289,1245.85,12,66.55
2024-03-20,Google Search,25817,2045,773.83,172,1189.98
2024-03-20,Instagram Ads,42424,936,811.65,148,6363.42
2024-03-20,YouTube Video,30300,1930,598.43,51,813.78
2024-03-20,LinkedIn Ads,34361,2142,1341.41,412,10578.14
2024-03-21,Facebook Ads,44404,1094,265.85,119,2284.0
2024-03-21,Google Search,40040,3963,820.28,96,4112.57
2024-03-21,Instagram Ads,21281,805,960.88,27,909.2
2024-03-21,YouTube Video,28425,1492,1089.42,78,3511.76
2024-03-21,LinkedIn Ads,26431,2829,701.51,448,11176.39
2024-03-22,Facebook Ads,42991,626,136.91,42,1455.58
2024-03-22,Google Search,29082,518,60.58,4,111.54
2024-03-22,Instagram Ads,29903,1460,752.12,138,6718.36
2024-03-22,YouTube Video,39098,3235,1162.25,490,11537.49
2024-03-22,LinkedIn Ads,42732,3531,4131.7,319,7685.78
2024-03-23,Facebook Ads,29270,557,810.44,94,3779.91
2024-03-23,Google Search,36144,1879,728.98,48,791.69
2024-03-23,Instagram Ads,7979,759,760.11,121,3209.1
2024-03-23,YouTube Video,7910,921,1121.96,139,3661.97
2024-03-23,LinkedIn Ads,18153,1383,1265.99,225,2421.97
2024-03-24,Facebook Ads,46838,1039,974.52,200,4349.5
2024-03-24,Google Search,39714,2800,1803.52,413,19317.78
2024-03-24,Instagram Ads,12435,394,528.63,20,357.32
2024-03-24,YouTube Video,49758,5310,2452.18,942,15402.5
2024-03-24,LinkedIn Ads,29044,996,1463.88,45,1700.19
2024-03-25,Facebook Ads,18030,538,94.37,85,3305.94
2024-03-25,Google Search,44541,3088,3455.86,540,19352.74
2024-03-25,Instagram Ads,25858,3003,2353.61,406,17389.64
2024-03-25,YouTube Video,44285,3084,2857.29,514,9452.3
2024-03-25,LinkedIn Ads,19450,518,119.79,24,942.01
2024-03-26,Facebook Ads,30806,853,751.71,71,1143.14
2024-03-26,Google Search,26860,2872,1404.59,482,11118.41
2024-03-26,Instagram Ads,30545,2514,1345.75,404,15347.24
2024-03-26,YouTube Video,15566,1208,1284.15,111,4470.04
2024-03-26,LinkedIn Ads,20363,215,250.56,11,424.14
2024-03-27,Facebook Ads,14944,1724,1060.46,74,2888.36
2024-03-27,Google Search,25286,1102,1462.7,100,1061.21
2024-03-27,Instagram Ads,10596,855,1019.64,153,3460.65
2024-03-27,YouTube Video,39356,401,140.24,73,2400.35
2024-03-27,LinkedIn Ads,39659,1187,762.94,16,503.51
2024-03-28,Facebook Ads,3563,235,261.5,36,1119.57
2024-03-28,Google Search,30750,2685,466.99,535,18960.97
2024-03-28,Instagram Ads,15226,604,758.06,48,1614.82
2024-03-28,YouTube Video,13693,1184,1354.85,57,2100.2
2024-03-28,LinkedIn Ads,44934,4527,3750.24,684,7958.59
2024-03-29,Facebook Ads,29854,2713,1167.13,112,3575.06
2024-03-29,Google Search,28386,2677,3017.15,117,3968.11
2024-03-29,Instagram Ads,46253,3699,4438.48,398,9331.4
2024-03-29,YouTube Video,19509,1798,2042.49,89,2799.02
2024-03-29,LinkedIn Ads,31268,3682,1220.26,618,3762.77
2024-03-30,Facebook Ads,7397,551,593.28,108,4343.35
2024-03-30,Google Search,18833,1954,812.39,68,2916.32
2024-03-30,Instagram Ads,23436,1474,1045.44,191,5106.12
2024-03-30,YouTube Video,49709,3948,670.29,294,8038.18
2024-03-30,LinkedIn Ads,30312,2904,318.98,181,2739.45
2024-03-31,Facebook Ads,8531,212,244.21,23,603.58
2024-03-31,Google Search,24252,426,76.63,29,192.36
2024-03-31,Instagram Ads,38766,1440,1971.01,119,5815.24
2024-03-31,YouTube Video,29047,2716,1981.69,204,3481.52
2024-03-31,LinkedIn Ads,42800,2723,400.44,249,7542.13
2024-04-01,Facebook Ads,16892,1158,782.27,6,53.33
2024-04-01,Google Search,15289,1384,1200.83,142,6346.85
2024-04-01,Instagram Ads,12929,724,336.1,56,1526.09
2024-04-01,YouTube Video,29228,2395,903.72,471,9524.49
2024-04-01,LinkedIn Ads,23360,2667,3878.61,444,4499.63
2024-04-02,Facebook Ads,8345,744,509.78,70,2503.83
2024-04-02,Google Search,3336,225,58.65,33,764.91
2024-04-02,Instagram Ads,19474,339,369.84,16,521.29
2024-04-02,YouTube Video,13485,1391,973.82,4,190.23
2024-04-02,LinkedIn Ads,47136,3940,2944.02,434,14883.51
2024-04-03,Facebook Ads,28733,1205,1448.12,37,1527.66
2024-04-03,Google Search,49777,5853,7091.41,560,7874.37
2024-04-03,Instagram Ads,19708,554,311.51,109,4243.9
2024-04-03,YouTube Video,6774,220,292.37,21,257.73
2024-04-03,LinkedIn Ads,1781,64,46.83,9,349.05
2024-04-04,Facebook Ads,30118,2131,493.99,386,17723.15
2024-04-04,Google Search,24648,1305,1589.07,166,5736.15
2024-04-04,Instagram Ads,24128,1295,298.85,196,9486.68
2024-04-04,YouTube Video,3551,108,25.02,8,247.93
2024-04-04,LinkedIn Ads,8239,805,526.76,103,2926.08
2024-04-05,Facebook Ads,7971,689,834.08,6,195.64
2024-04-05,Google Search,12116,1328,647.62,39,1084.87
2024-04-05,Instagram Ads,20584,281,171.18,31,1067.74
2024-04-05,YouTube Video,21074,936,1140.08,109,954.39
2024-04-05,LinkedIn Ads,3591,82,93.12,15,742.18
2024-04-06,Facebook Ads,32852,3884,4020.28,268,5235.52
2024-04-06,Google Search,34691,3712,2592.78,246,2667.18
2024-04-06,Instagram Ads,9004,644,539.9,24,1008.8
2024-04-06,YouTube Video,25217,472,530.57,60,1209.47
2024-04-06,LinkedIn Ads,10587,1175,299.68,59,1129.6
2024-04-07,Facebook Ads,31090,3393,3434.85,456,9622.02
2024-04-07,Google Search,47305,4736,6307.17,797,10216.96
2024-04-07,Instagram Ads,37116,832,184.75,160,2527.09
2024-04-07,YouTube Video,19099,2093,2376.68,337,13040.95
2024-04-07,LinkedIn Ads,40864,2366,2148.68,272,11659.32
2024-04-08,Facebook Ads,19058,1959,892.45,288,3076.39
2024-04-08,Google Search,23433,1072,1137.24,155,5529.64
2024-04-08,Instagram Ads,11693,1217,508.77,199,1645.77
2024-04-08,YouTube Video,26215,2115,2266.88,408,5997.13
2024-04-08,LinkedIn Ads,48246,1610,235.81,116,2711.36
2024-04-09,Facebook Ads,9179,1039,1371.15,38,1570.65
2024-04-09,Google Search,30516,3322,3358.79,645,22693.01
2024-04-09,Instagram Ads,3454,98,63.27,13,334.31
2024-04-09,YouTube Video,3659,190,53.27,18,881.21
2024-04-09,LinkedIn Ads,13109,821,102.79,87,541.39
2024-04-10,Facebook Ads,48717,1987,2586.43,82,3999.54
2024-04-10,Google Search,20330,1889,2317.56,172,8312.15
2024-04-10,Instagram Ads,8230,588,575.97,18,796.93
2024-04-10,YouTube Video,5493,186,49.91,35,327.04
2024-04-10,LinkedIn Ads,7816,481,250.97,74,617.22
2024-04-11,Facebook Ads,12240,526,599.89,67,529.44
2024-04-11,Google Search,15849,1322,1230.13,119,1587.44
2024-04-11,Instagram Ads,22174,1517,1931.77,157,3817.18
2024-04-11,YouTube Video,1778,212,275.17,20,157.28
2024-04-11,LinkedIn Ads,45900,3483,908.74,200,9186.64
2024-04-12,Facebook Ads,47403,5002,953.19,479,14719.55
2024-04-12,Google Search,24852,2146,461.58,75,1942.46
2024-04-12,Instagram Ads,43856,2082,688.63,405,13089.21
2024-04-12,YouTube Video,25370,1496,1801.67,178,2791.84
2024-04-12,LinkedIn Ads,18862,461,197.24,75,2020.88
2024-04-13,Facebook Ads,12093,470,225.69,90,3461.56
2024-04-13,Google Search,43752,1731,1159.36,213,3503.34
2024-04-13,Instagram Ads,27512,395,373.55,26,293.83
2024-04-13,YouTube Video,20835,1284,938.16,108,2882.72
2024-04-13,LinkedIn Ads,31119,1919,1394.07,339,4852.67
2024-04-14,Facebook Ads,7796,538,697.14,61,2592.46
2024-04-14,Google Search,30075,658,377.96,84,2077.68
2024-04-14,Instagram Ads,18087,1200,613.06,125,2187.75
2024-04-14,YouTube Video,6463,126,121.45,23,665.21
2024-04-14,LinkedIn Ads,45602,3001,3973.06,396,14015.99
2024-04-15,Facebook Ads,35285,4206,1194.86,557,6925.84
2024-04-15,Google Search,45199,2549,1721.67,455,16012.56
2024-04-15,Instagram Ads,43092,3312,1765.7,300,11198.79
2024-04-15,YouTube Video,34755,3487,356.34,173,1263.09
2024-04-15,LinkedIn Ads,36820,3728,584.48,657,6669.83
2024-04-16,Facebook Ads,18373,1801,1850.94,146,4647.83
2024-04-16,Google Search,34703,3214,640.91,377,7332.14
2024-04-16,Instagram Ads,15376,1746,1808.86,104,3545.39
2024-04-16,YouTube Video,35610,2681,306.13,209,2351.08
2024-04-16,LinkedIn Ads,41312,1114,379.41,197,2053.75
2024-04-17,Facebook Ads,12777,872,1099.26,93,1059.84
2024-04-17,Google Search,14392,1244,1051.79,234,6287.59
2024-04-17,Instagram Ads,25364,1367,1878.52,61,1838.47
2024-04-17,YouTube Video,40832,3683,3731.65,276,9980.76
2024-04-17,LinkedIn Ads,36426,675,580.19,121,3819.1
2024-04-18,Facebook Ads,29011,2837,3550.2,155,4815.38
2024-04-18,Google Search,4134,86,115.71,3,68.05
2024-04-18,Instagram Ads,43903,2247,749.61,420,14304.5
2024-04-18,YouTube Video,40332,4352,2542.56,147,2982.57
2024-04-18,LinkedIn Ads,41379,2138,233.89,125,3977.44
2024-04-19,Facebook Ads,12120,1023,969.9,161,6903.29
2024-04-19,Google Search,27039,3209,2360.55,387,4849.57
2024-04-19,Instagram Ads,43417,2753,381.43,442,12789.74
2024-04-19,YouTube Video,5652,295,45.61,53,2472.65
2024-04-19,LinkedIn Ads,26833,1435,772.73,124,3178.56
2024-04-20,Facebook Ads,3169,72,103.56,4,105.32
2024-04-20,Google Search,24173,1844,2318.63,368,3300.62
2024-04-20,Instagram Ads,21538,2492,1608.02,108,5257.81
2024-04-20,YouTube Video,43261,3009,950.25,304,8801.28
2024-04-20,LinkedIn Ads,9556,896,1135.33,178,3743.05
2024-04-21,Facebook Ads,10569,407,151.6,45,1596.71
2024-04-21,Google Search,27132,3155,2778.9,498,6193.07
2024-04-21,Instagram Ads,31654,801,578.05,110,4592.95
2024-04-21,YouTube Video,14283,774,1154.33,81,2677.31
2024-04-21,LinkedIn Ads,47840,4648,3467.52,852,9933.71
2024-04-22,Facebook Ads,15852,987,849.05,146,1599.69
2024-04-22,Google Search,2140,162,96.36,11,73.8
2024-04-22,Instagram Ads,45789,4439,1219.61,183,3185.95
2024-04-22,YouTube Video,1557,21,30.61,2,51.64
2024-04-22,LinkedIn Ads,39635,3686,2907.16,694,15191.55
2024-04-23,Facebook Ads,8269,557,494.5,22,492.68
2024-04-23,Google Search,13991,897,814.65,178,8054.56
2024-04-23,Instagram Ads,4802,263,330.99,46,1417.2
2024-04-23,YouTube Video,34132,2130,3183.44,327,14201.05
2024-04-23,LinkedIn Ads,9016,725,375.41,71,554.55
2024-04-24,Facebook Ads,49933,1905,272.62,188,8777.2
2024-04-24,Google Search,34905,2179,2315.86,170,7521.17
2024-04-24,Instagram Ads,20337,504,261.65,79,3309.38
2024-04-24,YouTube Video,12944,526,207.76,56,2279.35
2024-04-24,LinkedIn Ads,28810,3450,3614.05,112,1012.65
2024-04-25,Facebook Ads,11886,176,101.82,0,0.0
2024-04-25,Google Search,21620,2008,2362.4,127,5259.48
2024-04-25,Instagram Ads,42216,4350,4171.85,103,2364.83
2024-04-25,YouTube Video,22281,413,276.94,29,176.97
2024-04-25,LinkedIn Ads,2098,101,25.8,12,571.75
2024-04-26,Facebook Ads,22793,243,58.64,37,683.78
2024-04-26,Google Search,16271,364,465.52,15,397.83
2024-04-26,Instagram Ads,40233,724,480.75,110,1595.01
2024-04-26,YouTube Video,3951,166,52.0,26,155.77
2024-04-26,LinkedIn Ads,24782,1546,643.82,232,3449.22
2024-04-27,Facebook Ads,36596,2795,1679.63,312,12224.94
2024-04-27,Google Search,31750,3421,2751.57,445,11315.29
2024-04-27,Instagram Ads,25035,1970,394.96,159,4560.52
2024-04-27,YouTube Video,32921,2914,3647.01,407,7345.8
2024-04-27,LinkedIn Ads,47109,3166,949.88,470,17591.86
2024-04-28,Facebook Ads,10227,661,329.17,81,3407.67
2024-04-28,Google Search,49766,795,912.74,78,750.65
2024-04-28,Instagram Ads,24545,2359,2597.39,213,7841.37
2024-04-28,YouTube Video,28990,2149,1619.82,389,6265.65
2024-04-28,LinkedIn Ads,6276,705,886.47,106,1819.78
2024-04-29,Facebook Ads,6793,302,363.76,14,664.08
2024-04-29,Google Search,26682,2937,1845.16,420,4292.83
2024-04-29,Instagram Ads,42430,2729,1753.95,174,2177.24
2024-04-29,YouTube Video,13180,1401,498.66,23,902.67
2024-04-29,LinkedIn Ads,29099,2539,1313.36,20,527.87
2024-04-30,Facebook Ads,6842,553,92.61,100,2743.57
2024-04-30,Google Search,16206,1054,743.94,46,459.72
2024-04-30,Instagram Ads,41703,2108,1302.19,379,16544.51
2024-04-30,YouTube Video,14324,799,999.59,30,1121.53
2024-04-30,LinkedIn Ads,30320,2495,1899.18,439,14990.57
2024-05-01,Facebook Ads,28747,2430,2310.57,161,3664.85
2024-05-01,Google Search,26351,2152,2440.45,27,1319.13
2024-05-01,Instagram Ads,20604,1752,1323.49,64,2883.82
2024-05-01,YouTube Video,45283,667,689.42,48,480.87
2024-05-01,LinkedIn Ads,35441,2474,593.3,73,413.27
2024-05-02,Facebook Ads,21132,2329,2966.15,336,3560.45
2024-05-02,Google Search,32881,442,499.76,16,732.37
2024-05-02,Instagram Ads,25087,2251,2990.92,377,10690.38
2024-05-02,YouTube Video,27853,2614,1926.22,464,13204.66
2024-05-02,LinkedIn Ads,3745,390,353.14,41,1625.94
2024-05-03,Facebook Ads,49861,2515,891.4,390,2258.04
2024-05-03,Google Search,18908,899,1020.04,6,123.99
2024-05-03,Instagram Ads,21093,1534,1373.44,134,5971.91
2024-05-03,YouTube Video,21936,1539,1941.71,216,3909.92
2024-05-03,LinkedIn Ads,12308,661,346.42,97,3118.37
2024-05-04,Facebook Ads,34870,577,600.25,3,144.3
2024-05-04,Google Search,25968,942,794.14,177,6019.17
2024-05-04,Instagram Ads,17616,573,639.4,70,793.53
2024-05-04,YouTube Video,33793,3487,1887.18,338,3925.3
2024-05-04,LinkedIn Ads,14379,757,790.14,64,1314.15
2024-05-05,Facebook Ads,24091,1134,1264.38,56,2523.16
2024-05-05,Google Search,15824,1359,1448.88,4,109.52
2024-05-05,Instagram Ads,48464,2871,826.8,421,12139.4
2024-05-05,YouTube Video,48118,2356,3366.02,45,379.38
2024-05-05,LinkedIn Ads,45605,4504,3348.86,713,9350.18
2024-05-06,Facebook Ads,45254,671,222.81,92,2452.72
2024-05-06,Google Search,1492,23,29.47,2,81.38
2024-05-06,Instagram Ads,43506,2310,2362.57,168,2328.76
2024-05-06,YouTube Video,26851,3206,3515.1,89,2537.77
2024-05-06,LinkedIn Ads,6451,248,176.52,18,232.64
2024-05-07,Facebook Ads,31873,368,464.1,28,1283.95
2024-05-07,Google Search,29001,2517,1644.33,335,16407.92
2024-05-07,Instagram Ads,6366,338,438.02,64,1639.72
2024-05-07,YouTube Video,32312,901,802.9,85,3696.17
2024-05-07,LinkedIn Ads,28691,325,36.61,27,412.84
2024-05-08,Facebook Ads,44178,665,818.82,103,4445.68
2024-05-08,Google Search,44463,4397,2002.17,154,972.15
2024-05-08,Instagram Ads,41386,4486,451.38,739,13301.87
2024-05-08,YouTube Video,41695,4957,7122.15,128,898.69
2024-05-08,LinkedIn Ads,28228,1777,1758.56,116,750.27
2024-05-09,Facebook Ads,41546,4761,4322.85,717,23655.11
2024-05-09,Google Search,46740,1757,1563.21,90,2133.2
2024-05-09,Instagram Ads,16417,1748,2559.28,342,9496.69
2024-05-09,YouTube Video,10256,146,21.96,16,186.69
2024-05-09,LinkedIn Ads,35540,1234,868.65,138,4188.25
2024-05-10,Facebook Ads,23626,1084,1382.67,108,2255.82
2024-05-10,Google Search,24854,2719,3491.71,404,15893.31
2024-05-10,Instagram Ads,44798,2795,2226.37,108,3412.89
2024-05-10,YouTube Video,40464,1720,1601.88,45,644.33
2024-05-10,LinkedIn Ads,29152,1459,748.96,194,1799.81
2024-05-11,Facebook Ads,45314,4619,2610.05,535,11163.91
2024-05-11,Google Search,20459,545,722.8,86,605.71
2024-05-11,Instagram Ads,24155,1371,209.21,253,7489.19
2024-05-11,YouTube Video,38544,385,263.03,53,1128.79
2024-05-11,LinkedIn Ads,43633,1398,538.24,84,1568.9
2024-05-12,Facebook Ads,39402,4219,728.46,843,12723.57
2024-05-12,Google Search,31206,2511,1713.31,396,9511.25
2024-05-12,Instagram Ads,36517,3651,1657.33,205,2181.41
2024-05-12,YouTube Video,21975,2399,2949.26,38,567.04
2024-05-12,LinkedIn Ads,6141,327,303.09,15,127.96
2024-05-13,Facebook Ads,11014,1023,131.91,161,6460.68
2024-05-13,Google Search,9712,384,376.25,16,513.12
2024-05-13,Instagram Ads,23963,1905,537.05,356,3422.31
2024-05-13,YouTube Video,39078,2578,1590.61,488,12295.95
2024-05-13,LinkedIn Ads,21583,643,152.73,0,0.0
2024-05-14,Facebook Ads,14689,1324,1729.63,80,511.09
2024-05-14,Google Search,1680,52,30.34,5,174.66
2024-05-14,Instagram Ads,36060,3758,4064.79,75,2639.81
2024-05-14,YouTube Video,27732,3166,2516.22,473,5835.21
2024-05-14,LinkedIn Ads,34919,3831,469.25,42,1795.7
2024-05-15,Facebook Ads,19919,1946,1872.59,161,3975.86
2024-05-15,Google Search,15211,1087,871.26,133,3935.39
2024-05-15,Instagram Ads,41880,2909,2040.47,452,16873.35
2024-05-15,YouTube Video,1389,31,44.83,5,149.36
2024-05-15,LinkedIn Ads,36531,1276,1698.45,88,1062.8
2024-05-16,Facebook Ads,17835,1404,762.61,21,740.7
2024-05-16,Google Search,21452,381,204.98,66,2856.52
2024-05-16,Instagram Ads,12254,1343,157.16,123,1649.57
2024-05-16,YouTube Video,22515,937,496.13,26,611.64
2024-05-16,LinkedIn Ads,20552,1178,1565.77,68,549.16
2024-05-17,Facebook Ads,32802,1612,350.59,18,638.81
2024-05-17,Google Search,27049,881,558.57,32,1084.1
2024-05-17,Instagram Ads,4765,432,113.47,86,2048.95
2024-05-17,YouTube Video,39709,3022,4492.22,337,15959.4
2024-05-17,LinkedIn Ads,30240,340,248.26,16,154.25
2024-05-18,Facebook Ads,41505,932,619.82,81,2973.1
2024-05-18,Google Search,15256,734,481.99,130,1851.2
2024-05-18,Instagram Ads,33088,3024,2972.53,585,21083.43
2024-05-18,YouTube Video,25729,1965,408.27,156,7277.17
2024-05-18,LinkedIn Ads,23547,1005,230.04,107,2740.38
2024-05-19,Facebook Ads,37322,3035,1439.69,133,2166.59
2024-05-19,Google Search,4849,288,299.77,5,95.4
2024-05-19,Instagram Ads,37963,1421,146.12,64,657.15
2024-05-19,YouTube Video,15296,413,587.55,21,992.41
2024-05-19,LinkedIn Ads,48994,4652,4537.03,413,14704.88
2024-05-20,Facebook Ads,42243,3338,2135.85,6,98.34
2024-05-20,Google Search,1082,124,81.67,12,393.31
2024-05-20,Instagram Ads,25351,852,878.41,73,392.33
2024-05-20,YouTube Video,19485,895,1204.74,84,3876.99
2024-05-20,LinkedIn Ads,30038,1155,817.93,72,1780.37
2024-05-21,Facebook Ads,3962,296,283.75,56,1970.1
2024-05-21,Google Search,5017,444,101.21,22,159.52
2024-05-21,Instagram Ads,31131,358,160.29,68,576.06
2024-05-21,YouTube Video,22281,376,279.19,66,969.57
2024-05-21,LinkedIn Ads,18568,1560,333.23,303,6055.93
2024-05-22,Facebook Ads,2361,232,290.51,12,484.86
2024-05-22,Google Search,11626,905,1031.73,119,5883.92
2024-05-22,Instagram Ads,31471,551,341.38,72,1028.14
2024-05-22,YouTube Video,25170,1742,829.88,283,13070.8
2024-05-22,LinkedIn Ads,28172,2347,2821.9,340,7993.49
2024-05-23,Facebook Ads,21025,784,852.71,113,3866.8
2024-05-23,Google Search,6668,641,440.46,62,1125.75
2024-05-23,Instagram Ads,47218,3582,1366.67,213,5882.72
2024-05-23,YouTube Video,37412,2306,322.0,206,3635.22
2024-05-23,LinkedIn Ads,36842,2028,2062.97,384,17887.18
2024-05-24,Facebook Ads,14652,405,80.47,73,3461.22
2024-05-24,Google Search,32174,2871,3609.09,68,364.37
2024-05-24,Instagram Ads,3187,119,97.7,22,362.33
2024-05-24,YouTube Video,33828,1654,2084.0,152,6424.32
2024-05-24,LinkedIn Ads,47893,5292,7588.42,621,13009.41
2024-05-25,Facebook Ads,16721,666,282.72,112,1076.94
2024-05-25,Google Search,1136,21,26.47,0,0.0
2024-05-25,Instagram Ads,33854,3458,4503.25,413,10227.73
2024-05-25,YouTube Video,47364,2866,1936.07,557,12430.1
2024-05-25,LinkedIn Ads,6520,596,779.66,100,3795.8
2024-05-26,Facebook Ads,45049,1921,1648.06,208,4916.92
2024-05-26,Google Search,32135,3470,1520.39,649,21779.64
2024-05-26,Instagram Ads,25690,885,731.82,27,512.87
2024-05-26,YouTube Video,36062,1327,629.85,117,1740.95
2024-05-26,LinkedIn Ads,38275,2790,4131.28,136,3224.54
2024-05-27,Facebook Ads,20389,2158,2267.13,423,15480.35
2024-05-27,Google Search,9640,312,174.27,12,530.08
2024-05-27,Instagram Ads,44937,558,794.12,47,1515.92
2024-05-27,YouTube Video,5927,667,476.73,87,3144.47
2024-05-27,LinkedIn Ads,16810,545,441.96,52,2076.98
2024-05-28,Facebook Ads,37413,3636,715.07,386,11668.98
2024-05-28,Google Search,37468,1289,1418.54,143,779.21
2024-05-28,Instagram Ads,40579,3518,4058.69,92,3860.55
2024-05-28,YouTube Video,15671,507,141.12,70,1771.58
2024-05-28,LinkedIn Ads,5434,544,362.52,14,363.78
2024-05-29,Facebook Ads,4764,262,263.8,17,774.86
2024-05-29,Google Search,42153,732,972.31,103,5001.99
2024-05-29,Instagram Ads,26307,1841,2714.35,81,1773.58
2024-05-29,YouTube Video,25565,1474,2205.19,122,845.18
2024-05-29,LinkedIn Ads,27946,956,564.74,63,2039.84
2024-05-30,Facebook Ads,28197,1443,890.73,121,2510.45
2024-05-30,Google Search,9026,466,588.98,48,1046.2
2024-05-30,Instagram Ads,1670,164,193.84,14,100.65
2024-05-30,YouTube Video,27531,2596,2381.05,367,14250.1
2024-05-30,LinkedIn Ads,36622,3095,3596.09,354,12461.54
2024-05-31,Facebook Ads,25255,2233,1431.95,91,1253.42
2024-05-31,Google Search,35693,3301,4527.39,575,22910.08
2024-05-31,Instagram Ads,1489,109,107.4,9,169.3
2024-05-31,YouTube Video,37284,3310,1586.55,519,16339.53
2024-05-31,LinkedIn Ads,39712,1452,582.07,93,4100.26
2024-06-01,Facebook Ads,42609,2802,1017.37,513,5650.32
2024-06-01,Google Search,34625,2063,2974.63,368,6343.43
2024-06-01,Instagram Ads,29453,2022,2004.75,221,3343.04
2024-06-01,YouTube Video,32709,1296,476.02,109,1617.8
2024-06-01,LinkedIn Ads,28526,1115,1144.83,206,8646.68
2024-06-02,Facebook Ads,25031,2345,850.79,339,13497.22
2024-06-02,Google Search,23867,1205,849.87,0,0.0
2024-06-02,Instagram Ads,2093,116,155.89,14,421.12
2024-06-02,YouTube Video,36959,3858,4619.11,216,9807.77
2024-06-02,LinkedIn Ads,47778,3180,3595.69,454,22621.5
2024-06-03,Facebook Ads,29901,609,698.65,96,2971.35
2024-06-03,Google Search,45799,5330,6701.48,298,14009.19
2024-06-03,Instagram Ads,10306,1017,1323.35,108,2803.91
2024-06-03,YouTube Video,46406,670,452.7,112,5404.24
2024-06-03,LinkedIn Ads,11698,580,694.4,74,415.62
2024-06-04,Facebook Ads,30179,2474,1051.02,165,952.34
2024-06-04,Google Search,34687,2726,3181.85,206,5772.86
2024-06-04,Instagram Ads,24993,1798,1752.08,340,7855.72
2024-06-04,YouTube Video,11776,207,205.69,18,448.26
2024-06-04,LinkedIn Ads,34340,1813,762.23,210,9256.48
2024-06-05,Facebook Ads,34418,3861,2234.23,708,23709.69
2024-06-05,Google Search,5996,716,1055.07,131,5730.86
2024-06-05,Instagram Ads,3217,285,265.17,10,477.14
2024-06-05,YouTube Video,31908,2687,2817.44,470,21914.75
2024-06-05,LinkedIn Ads,26515,1724,1839.92,344,11760.93
2024-06-06,Facebook Ads,19889,1412,1619.44,259,6118.16
2024-06-06,Google Search,17999,1576,1161.89,208,8877.76
2024-06-06,Instagram Ads,22133,368,389.92,32,1037.96
2024-06-06,YouTube Video,38930,2331,1717.53,19,916.59
2024-06-06,LinkedIn Ads,3690,296,424.74,12,142.99
2024-06-07,Facebook Ads,26380,2683,2681.95,437,13653.45
2024-06-07,Google Search,25519,521,485.42,19,122.14
2024-06-07,Instagram Ads,46351,1640,2266.38,115,1849.53
2024-06-07,YouTube Video,26517,2187,865.45,44,2152.85
2024-06-07,LinkedIn Ads,41150,1708,2090.07,178,1130.51
2024-06-08,Facebook Ads,17848,1400,2047.83,263,12449.05
2024-06-08,Google Search,10076,169,96.23,11,459.4
2024-06-08,Instagram Ads,36903,3989,2108.08,493,11019.48
2024-06-08,YouTube Video,23449,1308,438.66,250,6527.46
2024-06-08,LinkedIn Ads,33101,3762,770.27,484,13960.81
2024-06-09,Facebook Ads,27616,3215,2300.77,55,660.04
2024-06-09,Google Search,25685,2038,830.67,55,595.96
2024-06-09,Instagram Ads,37902,1903,1132.62,12,93.79
2024-06-09,YouTube Video,45825,4536,1386.61,165,7245.09
2024-06-09,LinkedIn Ads,13158,524,124.72,30,558.27
2024-06-10,Facebook Ads,35779,2786,886.99,191,5946.11
2024-06-10,Google Search,2447,106,56.85,11,190.45
2024-06-10,Instagram Ads,47525,5051,3628.87,734,13792.49
2024-06-10,YouTube Video,38688,3430,1696.78,225,5766.62
2024-06-10,LinkedIn Ads,6208,454,469.48,39,1360.67
2024-06-11,Facebook Ads,10486,156,43.2,12,594.3
2024-06-11,Google Search,36208,4107,501.68,81,2121.31
2024-06-11,Instagram Ads,15536,997,774.12,187,3976.21
2024-06-11,YouTube Video,33994,3330,907.51,186,7311.68
2024-06-11,LinkedIn Ads,44837,4903,6598.64,228,6374.12
2024-06-12,Facebook Ads,14900,1098,862.45,94,2173.74
2024-06-12,Google Search,23523,1665,1034.04,159,2794.22
2024-06-12,Instagram Ads,4262,310,111.41,29,1259.81
2024-06-12,YouTube Video,30932,1692,2308.68,95,4438.45
2024-06-12,LinkedIn Ads,7855,561,347.62,5,109.27
2024-06-13,Facebook Ads,12874,1458,1970.6,75,2254.15
2024-06-13,Google Search,13100,383,399.04,40,654.76
2024-06-13,Instagram Ads,38588,4096,1841.3,405,15724.3
2024-06-13,YouTube Video,16916,1789,2164.03,275,6034.56
2024-06-13,LinkedIn Ads,1336,35,25.96,6,83.87
2024-06-14,Facebook Ads,17279,1096,1522.38,108,5131.08
2024-06-14,Google Search,9519,312,135.22,58,1829.76
2024-06-14,Instagram Ads,49356,3025,3523.54,271,8858.02
2024-06-14,YouTube Video,11997,687,642.81,102,4802.44
2024-06-14,LinkedIn Ads,35524,3122,2391.34,170,1083.05
2024-06-15,Facebook Ads,48764,731,734.83,115,4042.42
2024-06-15,Google Search,32923,2175,1743.88,383,2516.7
2024-06-15,Instagram Ads,2848,165,210.35,0,0.0
2024-06-15,YouTube Video,47922,2846,1230.81,139,5227.36
2024-06-15,LinkedIn Ads,24501,2710,988.59,189,6861.29
2024-06-16,Facebook Ads,31826,3124,2027.26,138,4220.17
2024-06-16,Google Search,48966,4652,2008.3,732,31872.89
2024-06-16,Instagram Ads,29054,3254,1992.23,613,3593.4
2024-06-16,YouTube Video,1191,68,15.13,0,0.0
2024-06-16,LinkedIn Ads,27762,1170,661.15,193,6765.43
2024-06-17,Facebook Ads,35642,2854,2671.94,5,177.66
2024-06-17,Google Search,2051,211,300.89,3,62.31
2024-06-17,Instagram Ads,12939,1500,171.6,287,8448.12
2024-06-17,YouTube Video,35019,2748,4083.95,185,3240.43
2024-06-17,LinkedIn Ads,25423,1130,1456.96,169,3456.46
2024-06-18,Facebook Ads,33551,2332,3448.52,207,5252.96
2024-06-18,Google Search,21389,359,82.32,15,554.34
2024-06-18,Instagram Ads,4358,115,167.36,1,13.52
2024-06-18,YouTube Video,28543,1764,1811.06,281,9592.85
2024-06-18,LinkedIn Ads,45041,1328,679.9,194,7579.03
2024-06-19,Facebook Ads,11703,1126,841.51,104,3625.29
2024-06-19,Google Search,16641,1479,1920.61,139,6381.89
2024-06-19,Instagram Ads,21566,924,230.89,88,3329.66
2024-06-19,YouTube Video,21354,1017,713.87,176,7394.16
2024-06-19,LinkedIn Ads,14780,1342,1132.7,252,6848.57
2024-06-20,Facebook Ads,1249,31,34.95,0,0.0
2024-06-20,Google Search,26464,1400,836.06,111,1643.45
2024-06-20,Instagram Ads,42430,3498,4911.81,662,24153.76
2024-06-20,YouTube Video,11377,522,60.1,74,3037.27
2024-06-20,LinkedIn Ads,35820,747,153.83,36,372.31
2024-06-21,Facebook Ads,35028,2604,1085.31,513,19621.74
2024-06-21,Google Search,15011,1168,1528.74,107,1032.22
2024-06-21,Instagram Ads,35393,3427,3932.23,444,7139.96
2024-06-21,YouTube Video,42691,5045,2338.56,734,29501.14
2024-06-21,LinkedIn Ads,19103,921,157.02,51,317.54
2024-06-22,Facebook Ads,22031,2618,2367.23,190,6838.92
2024-06-22,Google Search,35217,3542,4423.87,677,30678.11
2024-06-22,Instagram Ads,48111,1318,227.36,89,1069.92
2024-06-22,YouTube Video,14136,698,961.88,109,1441.01
2024-06-22,LinkedIn Ads,45476,3338,3894.23,268,6877.04
2024-06-23,Facebook Ads,10460,339,41.85,57,2039.12
2024-06-23,Google Search,8384,638,900.83,89,2078.03
2024-06-23,Instagram Ads,42669,3497,3381.37,387,11725.52
2024-06-23,YouTube Video,5621,578,239.05,43,440.15
2024-06-23,LinkedIn Ads,13306,1265,204.5,162,1369.89
2024-06-24,Facebook Ads,27514,975,1027.55,121,5144.19
2024-06-24,Google Search,19279,870,620.7,70,1154.31
2024-06-24,Instagram Ads,38952,2292,2635.89,453,16041.65
2024-06-24,YouTube Video,11637,472,190.56,67,2012.33
2024-06-24,LinkedIn Ads,47799,4827,765.95,428,6378.91
2024-06-25,Facebook Ads,49991,5335,4694.04,757,14607.27
2024-06-25,Google Search,4854,439,632.76,44,1876.27
2024-06-25,Instagram Ads,37343,2281,1440.37,124,4134.4
2024-06-25,YouTube Video,20229,1876,1582.99,196,7868.1
2024-06-25,LinkedIn Ads,17806,1610,2019.36,172,5953.35
2024-06-26,Facebook Ads,11589,804,1031.16,107,2360.08
2024-06-26,Google Search,28542,1856,1312.71,270,7230.85
2024-06-26,Instagram Ads,5552,243,219.25,47,2105.41
2024-06-26,YouTube Video,13734,548,59.69,16,581.62
2024-06-26,LinkedIn Ads,22438,1199,1342.54,132,5751.72
2024-06-27,Facebook Ads,33247,3278,4672.65,149,5997.01
2024-06-27,Google Search,28386,2719,4069.45,75,2600.83
2024-06-27,Instagram Ads,48216,2097,791.27,201,6637.8
2024-06-27,YouTube Video,20630,1159,922.16,214,5087.57
2024-06-27,LinkedIn Ads,36739,894,797.08,24,980.99
2024-06-28,Facebook Ads,20945,403,262.09,40,294.3
2024-06-28,Google Search,12618,962,315.75,98,1526.32
2024-06-28,Instagram Ads,7548,862,453.79,125,5509.8
2024-06-28,YouTube Video,48947,682,953.22,74,1768.61
2024-06-28,LinkedIn Ads,9378,695,80.5,107,2045.5
2024-06-29,Facebook Ads,42198,608,561.61,76,2316.46
2024-06-29,Google Search,6877,480,232.96,26,792.3
2024-06-29,Instagram Ads,15407,1686,1053.09,62,451.1
2024-06-29,YouTube Video,19443,1072,352.34,62,935.85
2024-06-29,LinkedIn Ads,21855,842,187.45,89,826.92
2024-06-30,Facebook Ads,3843,59,57.65,4,35.03
2024-06-30,Google Search,23927,1113,1144.07,179,4862.37
2024-06-30,Instagram Ads,24324,1137,741.78,173,5168.26
2024-06-30,YouTube Video,13748,1002,1230.06,26,1195.64
2024-06-30,LinkedIn Ads,25860,683,324.73,129,3016.08
